;Data;CPU.Uso;CPU.Temperatura;CPU.Hotspot;RAM.Total;RAM.Uso;RAM.livre;SWAP.Total;SWAP.Uso;SWAP.livre;Disco.Total;Disco.Uso;Disco.Livre;Disco.Porcentagem de Uso;Disco.Temperature;Disco.Hotspot
0;08/09/25 14:33:09;100.0;47.0;100.0;11.41;3.59;5.03;0.5;0.0;0.5;468;123;321;27.7;36.85;86.85
0;08/09/25 14:33:10;100.0;46.0;100.0;11.41;3.58;5.04;0.5;0.0;0.5;468;123;321;27.7;36.85;86.85
0;08/09/25 14:33:10;100.0;46.0;100.0;11.41;3.6;5.02;0.5;0.0;0.5;468;123;321;27.7;36.85;86.85
0;08/09/25 14:33:11;100.0;46.0;100.0;11.41;3.61;5.02;0.5;0.0;0.5;468;123;321;27.7;36.85;86.85
0;08/09/25 14:33:11;100.0;46.0;100.0;11.41;3.64;5.0;0.5;0.0;0.5;468;123;321;27.7;36.85;86.85
0;08/09/25 14:33:12;100.0;46.0;100.0;11.41;3.66;4.97;0.5;0.0;0.5;468;123;321;27.7;36.85;86.85
0;08/09/25 14:33:13;100.0;46.0;100.0;11.41;3.67;4.96;0.5;0.0;0.5;468;123;321;27.7;36.85;86.85
0;08/09/25 14:33:13;100.0;46.0;100.0;11.41;3.68;4.96;0.5;0.0;0.5;468;123;321;27.7;36.85;86.85
0;08/09/25 14:33:14;100.0;46.0;100.0;11.41;3.68;4.95;0.5;0.0;0.5;468;123;321;27.7;36.85;86.85
0;08/09/25 14:33:15;100.0;46.0;100.0;11.41;3.7;4.9;0.5;0.0;0.5;468;123;321;27.7;36.85;86.85
0;08/09/25 14:33:15;100.0;46.0;100.0;11.41;3.74;4.89;0.5;0.0;0.5;468;123;321;27.7;36.85;86.85
0;08/09/25 14:33:16;100.0;46.0;100.0;11.41;3.72;4.91;0.5;0.0;0.5;468;123;321;27.7;36.85;86.85
0;08/09/25 14:33:17;100.0;46.0;100.0;11.41;3.72;4.93;0.5;0.0;0.5;468;123;321;27.7;36.85;86.85
0;08/09/25 14:33:17;100.0;46.0;100.0;11.41;3.71;4.94;0.5;0.0;0.5;468;123;321;27.7;36.85;86.85
0;08/09/25 14:33:18;100.0;46.0;100.0;11.41;3.7;4.95;0.5;0.0;0.5;468;123;321;27.7;36.85;86.85
0;08/09/25 14:33:19;100.0;46.0;100.0;11.41;3.67;4.98;0.5;0.0;0.5;468;123;321;27.7;36.85;86.85
0;08/09/25 14:33:19;100.0;46.0;100.0;11.41;3.66;4.98;0.5;0.0;0.5;468;123;321;27.7;36.85;86.85
0;08/09/25 14:33:20;100.0;46.0;100.0;11.41;3.65;5.0;0.5;0.0;0.5;468;123;321;27.7;36.85;86.85
0;08/09/25 14:33:21;100.0;46.0;100.0;11.41;3.65;5.0;0.5;0.0;0.5;468;123;321;27.7;36.85;86.85
0;08/09/25 14:33:21;100.0;46.0;100.0;11.41;3.61;5.04;0.5;0.0;0.5;468;123;321;27.7;36.85;86.85
0;08/09/25 14:33:22;100.0;46.0;100.0;11.41;3.6;5.05;0.5;0.0;0.5;468;123;321;27.7;36.85;86.85
0;08/09/25 14:33:22;98.4;45.0;100.0;11.41;3.6;5.05;0.5;0.0;0.5;468;123;321;27.7;36.85;86.85
0;08/09/25 14:33:23;100.0;45.0;100.0;11.41;3.59;5.06;0.5;0.0;0.5;468;123;321;27.7;36.85;86.85
0;08/09/25 14:33:24;100.0;46.0;100.0;11.41;3.59;5.07;0.5;0.0;0.5;468;123;321;27.7;36.85;86.85
0;08/09/25 14:33:24;100.0;46.0;100.0;11.41;3.59;5.07;0.5;0.0;0.5;468;123;321;27.7;36.85;86.85
0;08/09/25 14:33:25;100.0;46.0;100.0;11.41;3.48;5.18;0.5;0.0;0.5;468;123;321;27.7;36.85;86.85
0;08/09/25 14:33:26;100.0;46.0;100.0;11.41;3.47;5.18;0.5;0.0;0.5;468;123;321;27.7;36.85;86.85
0;08/09/25 14:33:26;100.0;46.0;100.0;11.41;3.47;5.18;0.5;0.0;0.5;468;123;321;27.7;36.85;86.85
0;08/09/25 14:33:27;100.0;46.0;100.0;11.41;3.47;5.19;0.5;0.0;0.5;468;123;321;27.7;36.85;86.85
0;08/09/25 14:33:28;100.0;46.0;100.0;11.41;3.47;5.18;0.5;0.0;0.5;468;123;321;27.7;36.85;86.85
0;08/09/25 14:33:28;93.3;46.0;100.0;11.41;3.47;5.18;0.5;0.0;0.5;468;123;321;27.7;36.85;86.85
0;08/09/25 14:33:29;100.0;45.0;100.0;11.41;3.47;5.18;0.5;0.0;0.5;468;123;321;27.7;36.85;86.85
0;08/09/25 14:33:30;100.0;45.0;100.0;11.41;3.46;5.2;0.5;0.0;0.5;468;123;321;27.7;36.85;86.85
0;08/09/25 14:33:30;100.0;45.0;100.0;11.41;3.45;5.2;0.5;0.0;0.5;468;123;321;27.7;36.85;86.85
0;08/09/25 14:33:31;100.0;45.0;100.0;11.41;3.45;5.2;0.5;0.0;0.5;468;123;321;27.7;36.85;86.85
0;08/09/25 14:33:31;100.0;45.0;100.0;11.41;3.45;5.21;0.5;0.0;0.5;468;123;321;27.7;36.85;86.85
0;08/09/25 14:33:32;100.0;45.0;100.0;11.41;3.45;5.21;0.5;0.0;0.5;468;123;321;27.7;36.85;86.85
0;08/09/25 14:33:33;100.0;46.0;100.0;11.41;3.45;5.21;0.5;0.0;0.5;468;123;321;27.7;36.85;86.85
0;08/09/25 14:33:33;100.0;46.0;100.0;11.41;3.45;5.21;0.5;0.0;0.5;468;123;321;27.7;36.85;86.85
0;08/09/25 14:33:34;100.0;46.0;100.0;11.41;3.45;5.21;0.5;0.0;0.5;468;123;321;27.7;36.85;86.85
0;08/09/25 14:33:35;100.0;46.0;100.0;11.41;3.45;5.21;0.5;0.0;0.5;468;123;321;27.7;36.85;86.85
0;08/09/25 14:33:35;100.0;46.0;100.0;11.41;3.45;5.21;0.5;0.0;0.5;468;123;321;27.7;36.85;86.85
0;08/09/25 14:33:36;100.0;46.0;100.0;11.41;3.45;5.21;0.5;0.0;0.5;468;123;321;27.7;36.85;86.85
0;08/09/25 14:33:37;100.0;45.0;100.0;11.41;3.45;5.22;0.5;0.0;0.5;468;123;321;27.7;36.85;86.85
0;08/09/25 14:33:37;100.0;45.0;100.0;11.41;3.45;5.22;0.5;0.0;0.5;468;123;321;27.7;36.85;86.85
0;08/09/25 14:33:38;100.0;45.0;100.0;11.41;3.46;5.21;0.5;0.0;0.5;468;123;321;27.7;36.85;86.85
0;08/09/25 14:33:39;100.0;45.0;100.0;11.41;3.46;5.21;0.5;0.0;0.5;468;123;321;27.7;36.85;86.85
0;08/09/25 14:33:39;100.0;45.0;100.0;11.41;3.46;5.21;0.5;0.0;0.5;468;123;321;27.7;36.85;86.85
0;08/09/25 14:33:40;100.0;45.0;100.0;11.41;3.46;5.21;0.5;0.0;0.5;468;123;321;27.7;36.85;86.85
0;08/09/25 14:33:40;100.0;46.0;100.0;11.41;3.46;5.21;0.5;0.0;0.5;468;123;321;27.7;36.85;86.85
0;08/09/25 14:33:41;100.0;46.0;100.0;11.41;3.46;5.21;0.5;0.0;0.5;468;123;321;27.7;36.85;86.85
0;08/09/25 14:33:42;100.0;46.0;100.0;11.41;3.47;5.2;0.5;0.0;0.5;468;123;321;27.7;36.85;86.85
0;08/09/25 14:33:42;100.0;46.0;100.0;11.41;3.48;5.17;0.5;0.0;0.5;468;123;321;27.7;36.85;86.85
0;08/09/25 14:33:43;100.0;46.0;100.0;11.41;3.47;5.17;0.5;0.0;0.5;468;123;321;27.7;36.85;86.85
0;08/09/25 14:33:44;100.0;46.0;100.0;11.41;3.47;5.17;0.5;0.0;0.5;468;123;321;27.7;36.85;86.85
0;08/09/25 14:33:44;100.0;46.0;100.0;11.41;3.47;5.18;0.5;0.0;0.5;468;123;321;27.7;36.85;86.85
0;08/09/25 14:33:45;100.0;46.0;100.0;11.41;3.46;5.18;0.5;0.0;0.5;468;123;321;27.7;36.85;86.85
0;08/09/25 14:33:46;100.0;46.0;100.0;11.41;3.46;5.18;0.5;0.0;0.5;468;123;321;27.7;36.85;86.85
0;08/09/25 14:33:46;100.0;46.0;100.0;11.41;3.46;5.18;0.5;0.0;0.5;468;123;321;27.7;36.85;86.85
0;08/09/25 14:33:47;98.3;45.0;100.0;11.41;3.46;5.18;0.5;0.0;0.5;468;123;321;27.7;36.85;86.85
0;08/09/25 14:33:48;100.0;45.0;100.0;11.41;3.47;5.18;0.5;0.0;0.5;468;123;321;27.7;36.85;86.85
0;08/09/25 14:33:48;100.0;46.0;100.0;11.41;3.46;5.18;0.5;0.0;0.5;468;123;321;27.7;36.85;86.85
0;08/09/25 14:33:49;100.0;46.0;100.0;11.41;3.46;5.18;0.5;0.0;0.5;468;123;321;27.7;35.85;86.85
0;08/09/25 14:33:49;100.0;45.0;100.0;11.41;3.46;5.18;0.5;0.0;0.5;468;123;321;27.7;36.85;86.85
0;08/09/25 14:33:50;100.0;45.0;100.0;11.41;3.46;5.18;0.5;0.0;0.5;468;123;321;27.7;35.85;86.85
0;08/09/25 14:33:51;100.0;46.0;100.0;11.41;3.46;5.19;0.5;0.0;0.5;468;123;321;27.7;36.85;86.85
0;08/09/25 14:33:51;100.0;46.0;100.0;11.41;3.46;5.18;0.5;0.0;0.5;468;123;321;27.7;36.85;86.85
0;08/09/25 14:33:52;100.0;46.0;100.0;11.41;3.46;5.19;0.5;0.0;0.5;468;123;321;27.7;36.85;86.85
0;08/09/25 14:33:53;100.0;46.0;100.0;11.41;3.46;5.19;0.5;0.0;0.5;468;123;321;27.7;35.85;86.85
0;08/09/25 14:33:53;100.0;46.0;100.0;11.41;3.46;5.19;0.5;0.0;0.5;468;123;321;27.7;35.85;86.85
0;08/09/25 14:33:54;100.0;46.0;100.0;11.41;3.45;5.19;0.5;0.0;0.5;468;123;321;27.7;36.85;86.85
0;08/09/25 14:33:55;100.0;46.0;100.0;11.41;3.45;5.19;0.5;0.0;0.5;468;123;321;27.7;36.85;86.85
0;08/09/25 14:33:55;100.0;46.0;100.0;11.41;3.45;5.19;0.5;0.0;0.5;468;123;321;27.7;35.85;86.85
0;08/09/25 14:33:56;100.0;45.0;100.0;11.41;3.45;5.19;0.5;0.0;0.5;468;123;321;27.7;35.85;86.85
0;08/09/25 14:33:57;91.6;45.0;100.0;11.41;3.45;5.19;0.5;0.0;0.5;468;123;321;27.7;36.85;86.85
0;08/09/25 14:33:57;100.0;46.0;100.0;11.41;3.45;5.2;0.5;0.0;0.5;468;123;321;27.7;35.85;86.85
0;08/09/25 14:33:58;100.0;46.0;100.0;11.41;3.45;5.2;0.5;0.0;0.5;468;123;321;27.7;35.85;86.85
0;08/09/25 14:33:59;100.0;45.0;100.0;11.41;3.45;5.2;0.5;0.0;0.5;468;123;321;27.7;35.85;86.85
0;08/09/25 14:33:59;100.0;45.0;100.0;11.41;3.44;5.2;0.5;0.0;0.5;468;123;321;27.7;35.85;86.85
0;08/09/25 14:34:00;100.0;45.0;100.0;11.41;3.44;5.21;0.5;0.0;0.5;468;123;321;27.7;35.85;86.85
0;08/09/25 14:34:00;92.5;45.0;100.0;11.41;3.44;5.21;0.5;0.0;0.5;468;123;321;27.7;35.85;86.85
0;08/09/25 14:34:01;100.0;45.0;100.0;11.41;3.44;5.2;0.5;0.0;0.5;468;123;321;27.7;35.85;86.85
0;08/09/25 14:34:02;100.0;45.0;100.0;11.41;3.44;5.21;0.5;0.0;0.5;468;123;321;27.7;35.85;86.85
0;08/09/25 14:34:02;100.0;45.0;100.0;11.41;3.43;5.21;0.5;0.0;0.5;468;123;321;27.7;35.85;86.85
0;08/09/25 14:34:03;100.0;45.0;100.0;11.41;3.43;5.21;0.5;0.0;0.5;468;123;321;27.7;35.85;86.85
0;08/09/25 14:34:04;100.0;46.0;100.0;11.41;3.43;5.21;0.5;0.0;0.5;468;123;321;27.7;35.85;86.85
0;08/09/25 14:34:04;100.0;46.0;100.0;11.41;3.43;5.22;0.5;0.0;0.5;468;123;321;27.7;35.85;86.85
0;08/09/25 14:34:05;100.0;46.0;100.0;11.41;3.43;5.22;0.5;0.0;0.5;468;123;321;27.7;35.85;86.85
0;08/09/25 14:34:06;100.0;46.0;100.0;11.41;3.43;5.22;0.5;0.0;0.5;468;123;321;27.7;35.85;86.85
0;08/09/25 14:34:06;100.0;45.0;100.0;11.41;3.43;5.22;0.5;0.0;0.5;468;123;321;27.7;35.85;86.85
0;08/09/25 14:34:07;100.0;45.0;100.0;11.41;3.42;5.22;0.5;0.0;0.5;468;123;321;27.7;35.85;86.85
0;08/09/25 14:34:08;100.0;45.0;100.0;11.41;3.42;5.22;0.5;0.0;0.5;468;123;321;27.7;35.85;86.85
0;08/09/25 14:34:08;100.0;45.0;100.0;11.41;3.42;5.23;0.5;0.0;0.5;468;123;321;27.7;35.85;86.85
0;08/09/25 14:34:09;100.0;46.0;100.0;11.41;3.42;5.22;0.5;0.0;0.5;468;123;321;27.7;35.85;86.85
0;08/09/25 14:34:09;100.0;46.0;100.0;11.41;3.42;5.22;0.5;0.0;0.5;468;123;321;27.7;35.85;86.85
0;08/09/25 14:34:10;100.0;46.0;100.0;11.41;3.42;5.22;0.5;0.0;0.5;468;123;321;27.7;35.85;86.85
0;08/09/25 14:34:11;100.0;46.0;100.0;11.41;3.42;5.22;0.5;0.0;0.5;468;123;321;27.7;35.85;86.85
0;08/09/25 14:34:11;100.0;46.0;100.0;11.41;3.42;5.22;0.5;0.0;0.5;468;123;321;27.7;35.85;86.85
0;08/09/25 14:34:12;100.0;46.0;100.0;11.41;3.42;5.22;0.5;0.0;0.5;468;123;321;27.7;35.85;86.85
0;08/09/25 14:34:13;100.0;46.0;100.0;11.41;3.42;5.22;0.5;0.0;0.5;468;123;321;27.7;35.85;86.85
0;08/09/25 14:34:13;100.0;46.0;100.0;11.41;3.42;5.22;0.5;0.0;0.5;468;123;321;27.7;35.85;86.85
0;08/09/25 14:34:14;100.0;45.0;100.0;11.41;3.42;5.22;0.5;0.0;0.5;468;123;321;27.7;35.85;86.85
0;08/09/25 14:34:15;100.0;45.0;100.0;11.41;3.42;5.22;0.5;0.0;0.5;468;123;321;27.7;35.85;86.85
0;08/09/25 14:34:15;100.0;46.0;100.0;11.41;3.42;5.22;0.5;0.0;0.5;468;123;321;27.7;35.85;86.85
0;08/09/25 14:34:16;100.0;46.0;100.0;11.41;3.42;5.22;0.5;0.0;0.5;468;123;321;27.7;35.85;86.85
0;08/09/25 14:34:17;100.0;46.0;100.0;11.41;3.42;5.22;0.5;0.0;0.5;468;123;321;27.7;35.85;86.85
0;08/09/25 14:34:17;100.0;46.0;100.0;11.41;3.42;5.22;0.5;0.0;0.5;468;123;321;27.7;35.85;86.85
0;08/09/25 14:34:18;100.0;46.0;100.0;11.41;3.43;5.22;0.5;0.0;0.5;468;123;321;27.7;35.85;86.85
0;08/09/25 14:34:18;100.0;46.0;100.0;11.41;3.43;5.21;0.5;0.0;0.5;468;123;321;27.7;35.85;86.85
0;08/09/25 14:34:19;100.0;46.0;100.0;11.41;3.43;5.21;0.5;0.0;0.5;468;123;321;27.7;35.85;86.85
0;08/09/25 14:34:20;100.0;46.0;100.0;11.41;3.43;5.21;0.5;0.0;0.5;468;123;321;27.7;35.85;86.85
0;08/09/25 14:34:20;100.0;45.0;100.0;11.41;3.44;5.21;0.5;0.0;0.5;468;123;321;27.7;35.85;86.85
0;08/09/25 14:34:21;100.0;45.0;100.0;11.41;3.43;5.21;0.5;0.0;0.5;468;123;321;27.7;35.85;86.85
0;08/09/25 14:34:22;100.0;45.0;100.0;11.41;3.43;5.21;0.5;0.0;0.5;468;123;321;27.7;35.85;86.85
0;08/09/25 14:34:22;100.0;45.0;100.0;11.41;3.43;5.22;0.5;0.0;0.5;468;123;321;27.7;35.85;86.85
0;08/09/25 14:34:23;100.0;45.0;100.0;11.41;3.43;5.21;0.5;0.0;0.5;468;123;321;27.7;35.85;86.85
0;08/09/25 14:34:24;100.0;45.0;100.0;11.41;3.43;5.21;0.5;0.0;0.5;468;123;321;27.7;35.85;86.85
0;08/09/25 14:34:24;100.0;46.0;100.0;11.41;3.43;5.21;0.5;0.0;0.5;468;123;321;27.7;35.85;86.85
0;08/09/25 14:34:25;100.0;46.0;100.0;11.41;3.43;5.21;0.5;0.0;0.5;468;123;321;27.7;35.85;86.85
0;08/09/25 14:34:26;100.0;46.0;100.0;11.41;3.43;5.21;0.5;0.0;0.5;468;123;321;27.7;35.85;86.85
0;08/09/25 14:34:26;100.0;46.0;100.0;11.41;3.43;5.21;0.5;0.0;0.5;468;123;321;27.7;35.85;86.85
0;08/09/25 14:34:27;100.0;46.0;100.0;11.41;3.43;5.21;0.5;0.0;0.5;468;123;321;27.7;35.85;86.85
0;08/09/25 14:34:28;100.0;46.0;100.0;11.41;3.43;5.21;0.5;0.0;0.5;468;123;321;27.7;35.85;86.85
0;08/09/25 14:34:28;100.0;46.0;100.0;11.41;3.42;5.21;0.5;0.0;0.5;468;123;321;27.7;35.85;86.85
0;08/09/25 14:34:29;100.0;46.0;100.0;11.41;3.42;5.22;0.5;0.0;0.5;468;123;321;27.7;35.85;86.85
0;08/09/25 14:34:29;100.0;46.0;100.0;11.41;3.42;5.22;0.5;0.0;0.5;468;123;321;27.7;35.85;86.85
0;08/09/25 14:34:30;100.0;46.0;100.0;11.41;3.42;5.22;0.5;0.0;0.5;468;123;321;27.7;35.85;86.85
0;08/09/25 14:34:31;100.0;46.0;100.0;11.41;3.42;5.22;0.5;0.0;0.5;468;123;321;27.7;35.85;86.85
0;08/09/25 14:34:31;100.0;46.0;100.0;11.41;3.42;5.22;0.5;0.0;0.5;468;123;321;27.7;35.85;86.85
0;08/09/25 14:34:32;100.0;46.0;100.0;11.41;3.43;5.21;0.5;0.0;0.5;468;123;321;27.7;35.85;86.85
0;08/09/25 14:34:33;100.0;46.0;100.0;11.41;3.45;5.19;0.5;0.0;0.5;468;123;321;27.7;35.85;86.85
0;08/09/25 14:34:33;100.0;46.0;100.0;11.41;3.47;5.17;0.5;0.0;0.5;468;123;321;27.7;36.85;86.85
0;08/09/25 14:34:34;100.0;46.0;100.0;11.41;3.47;5.17;0.5;0.0;0.5;468;123;321;27.7;35.85;86.85
0;08/09/25 14:34:35;100.0;46.0;100.0;11.41;3.46;5.17;0.5;0.0;0.5;468;123;321;27.7;35.85;86.85
0;08/09/25 14:34:35;100.0;46.0;100.0;11.41;3.47;5.17;0.5;0.0;0.5;468;123;321;27.7;35.85;86.85
0;08/09/25 14:34:36;92.5;45.0;100.0;11.41;3.47;5.17;0.5;0.0;0.5;468;123;321;27.7;35.85;86.85
0;08/09/25 14:34:37;100.0;45.0;100.0;11.41;3.46;5.17;0.5;0.0;0.5;468;123;321;27.7;35.85;86.85
0;08/09/25 14:34:37;100.0;46.0;100.0;11.41;3.46;5.17;0.5;0.0;0.5;468;123;321;27.7;35.85;86.85
0;08/09/25 14:34:38;100.0;46.0;100.0;11.41;3.46;5.18;0.5;0.0;0.5;468;123;321;27.7;35.85;86.85
0;08/09/25 14:34:39;100.0;46.0;100.0;11.41;3.47;5.15;0.5;0.0;0.5;468;123;321;27.7;35.85;86.85
0;08/09/25 14:34:39;100.0;46.0;100.0;11.41;3.5;5.09;0.5;0.0;0.5;468;123;321;27.7;35.85;86.85
0;08/09/25 14:34:40;100.0;45.0;100.0;11.41;3.5;5.06;0.5;0.0;0.5;468;123;321;27.7;35.85;86.85
0;08/09/25 14:34:40;100.0;45.0;100.0;11.41;3.46;5.1;0.5;0.0;0.5;468;123;321;27.7;36.85;86.85
0;08/09/25 14:34:41;100.0;46.0;100.0;11.41;3.46;5.1;0.5;0.0;0.5;468;123;321;27.7;36.85;86.85
0;08/09/25 14:34:42;100.0;46.0;100.0;11.41;3.46;5.1;0.5;0.0;0.5;468;123;321;27.7;36.85;86.85
0;08/09/25 14:34:42;100.0;46.0;100.0;11.41;3.48;5.08;0.5;0.0;0.5;468;123;321;27.7;36.85;86.85
0;08/09/25 14:34:43;100.0;46.0;100.0;11.41;3.51;5.05;0.5;0.0;0.5;468;123;321;27.7;36.85;86.85
0;08/09/25 14:34:44;100.0;46.0;100.0;11.41;3.54;5.01;0.5;0.0;0.5;468;123;321;27.7;36.85;86.85
0;08/09/25 14:34:44;100.0;46.0;100.0;11.41;3.52;5.03;0.5;0.0;0.5;468;123;321;27.7;36.85;86.85
0;08/09/25 14:34:45;100.0;46.0;100.0;11.41;3.51;4.97;0.5;0.0;0.5;468;123;321;27.7;36.85;86.85
0;08/09/25 14:34:46;100.0;46.0;100.0;11.41;3.51;4.94;0.5;0.0;0.5;468;123;321;27.7;36.85;86.85
0;08/09/25 14:34:46;93.3;46.0;100.0;11.41;3.53;4.89;0.5;0.0;0.5;468;123;321;27.7;36.85;86.85
0;08/09/25 14:34:47;99.2;46.0;100.0;11.41;3.53;4.85;0.5;0.0;0.5;468;123;321;27.7;36.85;86.85
0;08/09/25 14:34:47;95.0;46.0;100.0;11.41;3.53;4.75;0.5;0.0;0.5;468;123;321;27.7;36.85;86.85
0;08/09/25 14:34:48;100.0;46.0;100.0;11.41;3.49;4.78;0.5;0.0;0.5;468;123;321;27.7;36.85;86.85
0;08/09/25 14:34:49;100.0;46.0;100.0;11.41;3.48;4.79;0.5;0.0;0.5;468;123;321;27.7;36.85;86.85
0;08/09/25 14:34:49;100.0;46.0;100.0;11.41;3.45;4.82;0.5;0.0;0.5;468;123;321;27.7;36.85;86.85
0;08/09/25 14:34:50;100.0;46.0;100.0;11.41;3.47;4.8;0.5;0.0;0.5;468;123;321;27.7;36.85;86.85
0;08/09/25 14:34:51;100.0;46.0;100.0;11.41;3.49;4.79;0.5;0.0;0.5;468;123;321;27.7;36.85;86.85
0;08/09/25 14:34:51;100.0;46.0;100.0;11.41;3.49;4.79;0.5;0.0;0.5;468;123;321;27.7;36.85;86.85
0;08/09/25 14:34:52;100.0;46.0;100.0;11.41;3.38;4.9;0.5;0.0;0.5;468;123;321;27.7;36.85;86.85
0;08/09/25 14:34:53;100.0;46.0;100.0;11.41;3.34;5.09;0.5;0.0;0.5;468;123;321;27.7;36.85;86.85
0;08/09/25 14:34:53;100.0;46.0;100.0;11.41;3.36;5.07;0.5;0.0;0.5;468;123;321;27.7;36.85;86.85
0;08/09/25 14:34:54;100.0;46.0;100.0;11.41;3.37;5.06;0.5;0.0;0.5;468;123;321;27.7;36.85;86.85
0;08/09/25 14:34:55;100.0;46.0;100.0;11.41;3.38;4.97;0.5;0.0;0.5;468;123;321;27.7;36.85;86.85
0;08/09/25 14:34:55;100.0;46.0;100.0;11.41;3.39;4.94;0.5;0.0;0.5;468;123;321;27.7;36.85;86.85
0;08/09/25 14:34:56;100.0;46.0;100.0;11.41;3.39;4.94;0.5;0.0;0.5;468;123;321;27.7;36.85;86.85
0;08/09/25 14:34:56;100.0;46.0;100.0;11.41;3.28;5.05;0.5;0.0;0.5;468;123;321;27.7;36.85;86.85
0;08/09/25 14:34:57;100.0;46.0;100.0;11.41;3.27;5.05;0.5;0.0;0.5;468;123;321;27.7;36.85;86.85
0;08/09/25 14:34:58;100.0;46.0;100.0;11.41;3.26;5.07;0.5;0.0;0.5;468;123;321;27.7;36.85;86.85
0;08/09/25 14:34:58;100.0;46.0;100.0;11.41;3.27;5.06;0.5;0.0;0.5;468;123;321;27.7;36.85;86.85
0;08/09/25 14:34:59;100.0;46.0;100.0;11.41;3.27;5.06;0.5;0.0;0.5;468;123;321;27.7;36.85;86.85
0;08/09/25 14:35:00;100.0;46.0;100.0;11.41;3.26;5.06;0.5;0.0;0.5;468;123;321;27.7;36.85;86.85
0;08/09/25 14:35:00;100.0;46.0;100.0;11.41;3.26;5.06;0.5;0.0;0.5;468;123;321;27.7;36.85;86.85
0;08/09/25 14:35:01;100.0;46.0;100.0;11.41;3.26;5.07;0.5;0.0;0.5;468;123;321;27.7;36.85;86.85
0;08/09/25 14:35:02;100.0;46.0;100.0;11.41;3.22;5.11;0.5;0.0;0.5;468;123;321;27.7;36.85;86.85
0;08/09/25 14:35:02;100.0;46.0;100.0;11.41;3.22;5.11;0.5;0.0;0.5;468;123;321;27.7;36.85;86.85
0;08/09/25 14:35:03;100.0;46.0;100.0;11.41;3.21;5.11;0.5;0.0;0.5;468;123;321;27.7;36.85;86.85
0;08/09/25 14:35:04;100.0;46.0;100.0;11.41;3.21;5.12;0.5;0.0;0.5;468;123;321;27.7;36.85;86.85
0;08/09/25 14:35:04;100.0;46.0;100.0;11.41;3.21;5.12;0.5;0.0;0.5;468;123;321;27.7;36.85;86.85
0;08/09/25 14:35:05;100.0;46.0;100.0;11.41;3.21;5.12;0.5;0.0;0.5;468;123;321;27.7;36.85;86.85
0;08/09/25 14:35:06;100.0;46.0;100.0;11.41;3.2;5.12;0.5;0.0;0.5;468;123;321;27.7;36.85;86.85
0;08/09/25 14:35:06;100.0;46.0;100.0;11.41;3.2;5.12;0.5;0.0;0.5;468;123;321;27.7;36.85;86.85
0;08/09/25 14:35:07;100.0;46.0;100.0;11.41;3.2;5.12;0.5;0.0;0.5;468;123;321;27.7;36.85;86.85
0;08/09/25 14:35:07;100.0;46.0;100.0;11.41;3.2;5.12;0.5;0.0;0.5;468;123;321;27.7;36.85;86.85
0;08/09/25 14:35:08;100.0;46.0;100.0;11.41;3.2;5.12;0.5;0.0;0.5;468;123;321;27.7;36.85;86.85
0;08/09/25 14:35:09;100.0;46.0;100.0;11.41;3.18;5.14;0.5;0.0;0.5;468;123;321;27.7;36.85;86.85
0;08/09/25 14:35:09;99.2;46.0;100.0;11.41;3.18;5.14;0.5;0.0;0.5;468;123;321;27.7;36.85;86.85
0;08/09/25 14:35:10;100.0;46.0;100.0;11.41;3.18;5.14;0.5;0.0;0.5;468;123;321;27.7;36.85;86.85
0;08/09/25 14:35:11;96.6;45.0;100.0;11.41;3.18;5.15;0.5;0.0;0.5;468;123;321;27.7;36.85;86.85
0;08/09/25 14:35:11;100.0;45.0;100.0;11.41;3.17;5.15;0.5;0.0;0.5;468;123;321;27.7;36.85;86.85
0;08/09/25 14:35:12;100.0;46.0;100.0;11.41;3.18;5.15;0.5;0.0;0.5;468;123;321;27.7;36.85;86.85
0;08/09/25 14:35:13;100.0;46.0;100.0;11.41;3.18;5.15;0.5;0.0;0.5;468;123;321;27.7;36.85;86.85
0;08/09/25 14:35:13;100.0;46.0;100.0;11.41;3.18;5.15;0.5;0.0;0.5;468;123;321;27.7;36.85;86.85
0;08/09/25 14:35:14;100.0;46.0;100.0;11.41;3.18;5.15;0.5;0.0;0.5;468;123;321;27.7;36.85;86.85
0;08/09/25 14:35:15;100.0;46.0;100.0;11.41;3.18;5.15;0.5;0.0;0.5;468;123;321;27.7;36.85;86.85
0;08/09/25 14:35:15;100.0;46.0;100.0;11.41;3.18;5.15;0.5;0.0;0.5;468;123;321;27.7;36.85;86.85
0;08/09/25 14:35:16;100.0;47.0;100.0;11.41;3.18;5.15;0.5;0.0;0.5;468;123;321;27.7;36.85;86.85
0;08/09/25 14:35:16;100.0;47.0;100.0;11.41;3.18;5.15;0.5;0.0;0.5;468;123;321;27.7;36.85;86.85
0;08/09/25 14:35:17;100.0;47.0;100.0;11.41;3.18;5.15;0.5;0.0;0.5;468;123;321;27.7;36.85;86.85
0;08/09/25 14:35:18;100.0;47.0;100.0;11.41;3.19;5.13;0.5;0.0;0.5;468;123;321;27.7;36.85;86.85
0;08/09/25 14:35:18;100.0;46.0;100.0;11.41;3.21;5.12;0.5;0.0;0.5;468;123;321;27.7;36.85;86.85
0;08/09/25 14:35:19;100.0;46.0;100.0;11.41;3.2;5.12;0.5;0.0;0.5;468;123;321;27.7;36.85;86.85
0;08/09/25 14:35:20;100.0;46.0;100.0;11.41;3.2;5.13;0.5;0.0;0.5;468;123;321;27.7;36.85;86.85
0;08/09/25 14:35:20;100.0;46.0;100.0;11.41;3.19;5.13;0.5;0.0;0.5;468;123;321;27.7;36.85;86.85
0;08/09/25 14:35:21;100.0;45.0;100.0;11.41;3.19;5.14;0.5;0.0;0.5;468;123;321;27.7;36.85;86.85
0;08/09/25 14:35:22;100.0;45.0;100.0;11.41;3.19;5.14;0.5;0.0;0.5;468;123;321;27.7;36.85;86.85
0;08/09/25 14:35:22;100.0;45.0;100.0;11.41;3.19;5.14;0.5;0.0;0.5;468;123;321;27.7;36.85;86.85
0;08/09/25 14:35:23;100.0;45.0;100.0;11.41;3.19;5.14;0.5;0.0;0.5;468;123;321;27.7;36.85;86.85
0;08/09/25 14:35:24;100.0;46.0;100.0;11.41;3.19;5.14;0.5;0.0;0.5;468;123;321;27.7;36.85;86.85
0;08/09/25 14:35:24;100.0;46.0;100.0;11.41;3.19;5.14;0.5;0.0;0.5;468;123;321;27.7;36.85;86.85
0;08/09/25 14:35:25;100.0;46.0;100.0;11.41;3.19;5.14;0.5;0.0;0.5;468;123;321;27.7;36.85;86.85
0;08/09/25 14:35:25;100.0;46.0;100.0;11.41;3.18;5.14;0.5;0.0;0.5;468;123;321;27.7;36.85;86.85
0;08/09/25 14:35:26;100.0;46.0;100.0;11.41;3.18;5.14;0.5;0.0;0.5;468;123;321;27.7;36.85;86.85
0;08/09/25 14:35:27;100.0;46.0;100.0;11.41;3.18;5.14;0.5;0.0;0.5;468;123;321;27.7;36.85;86.85
0;08/09/25 14:35:27;100.0;46.0;100.0;11.41;3.18;5.14;0.5;0.0;0.5;468;123;321;27.7;36.85;86.85
0;08/09/25 14:35:28;100.0;46.0;100.0;11.41;3.19;5.14;0.5;0.0;0.5;468;123;321;27.7;36.85;86.85
0;08/09/25 14:35:29;99.2;45.0;100.0;11.41;3.18;5.14;0.5;0.0;0.5;468;123;321;27.7;36.85;86.85
0;08/09/25 14:35:29;100.0;45.0;100.0;11.41;3.18;5.14;0.5;0.0;0.5;468;123;321;27.7;36.85;86.85
0;08/09/25 14:35:30;100.0;46.0;100.0;11.41;3.18;5.14;0.5;0.0;0.5;468;123;321;27.7;36.85;86.85
0;08/09/25 14:35:31;100.0;46.0;100.0;11.41;3.18;5.14;0.5;0.0;0.5;468;123;321;27.7;36.85;86.85
0;08/09/25 14:35:31;100.0;45.0;100.0;11.41;3.18;5.15;0.5;0.0;0.5;468;123;321;27.7;36.85;86.85
0;08/09/25 14:35:32;100.0;45.0;100.0;11.41;3.18;5.15;0.5;0.0;0.5;468;123;321;27.7;36.85;86.85
0;08/09/25 14:35:33;100.0;45.0;100.0;11.41;3.18;5.15;0.5;0.0;0.5;468;123;321;27.7;36.85;86.85
0;08/09/25 14:35:33;100.0;45.0;100.0;11.41;3.18;5.15;0.5;0.0;0.5;468;123;321;27.7;36.85;86.85
0;08/09/25 14:35:34;100.0;46.0;100.0;11.41;3.18;5.15;0.5;0.0;0.5;468;123;321;27.7;36.85;86.85
0;08/09/25 14:35:34;100.0;46.0;100.0;11.41;3.18;5.15;0.5;0.0;0.5;468;123;321;27.7;36.85;86.85
0;08/09/25 14:35:35;100.0;46.0;100.0;11.41;3.18;5.15;0.5;0.0;0.5;468;123;321;27.7;36.85;86.85
0;08/09/25 14:35:36;100.0;46.0;100.0;11.41;3.18;5.15;0.5;0.0;0.5;468;123;321;27.7;36.85;86.85
0;08/09/25 14:35:36;100.0;45.0;100.0;11.41;3.18;5.15;0.5;0.0;0.5;468;123;321;27.7;36.85;86.85
0;08/09/25 14:35:37;100.0;45.0;100.0;11.41;3.17;5.15;0.5;0.0;0.5;468;123;321;27.7;36.85;86.85
0;08/09/25 14:35:38;100.0;45.0;100.0;11.41;3.18;5.15;0.5;0.0;0.5;468;123;321;27.7;36.85;86.85
0;08/09/25 14:35:38;100.0;45.0;100.0;11.41;3.17;5.15;0.5;0.0;0.5;468;123;321;27.7;36.85;86.85
0;08/09/25 14:35:39;100.0;45.0;100.0;11.41;3.17;5.15;0.5;0.0;0.5;468;123;321;27.7;35.85;86.85
0;08/09/25 14:35:40;100.0;45.0;100.0;11.41;3.17;5.15;0.5;0.0;0.5;468;123;321;27.7;36.85;86.85
0;08/09/25 14:35:40;100.0;45.0;100.0;11.41;3.17;5.16;0.5;0.0;0.5;468;123;321;27.7;35.85;86.85
0;08/09/25 14:35:41;100.0;45.0;100.0;11.41;3.17;5.16;0.5;0.0;0.5;468;123;321;27.7;36.85;86.85
0;08/09/25 14:35:42;100.0;46.0;100.0;11.41;3.17;5.16;0.5;0.0;0.5;468;123;321;27.7;36.85;86.85
0;08/09/25 14:35:42;100.0;46.0;100.0;11.41;3.16;5.16;0.5;0.0;0.5;468;123;321;27.7;35.85;86.85
0;08/09/25 14:35:43;100.0;46.0;100.0;11.41;3.17;5.16;0.5;0.0;0.5;468;123;321;27.7;36.85;86.85
0;08/09/25 14:35:43;100.0;46.0;100.0;11.41;3.17;5.16;0.5;0.0;0.5;468;123;321;27.7;36.85;86.85
0;08/09/25 14:35:44;100.0;45.0;100.0;11.41;3.17;5.16;0.5;0.0;0.5;468;123;321;27.7;36.85;86.85
0;08/09/25 14:35:45;100.0;45.0;100.0;11.41;3.17;5.16;0.5;0.0;0.5;468;123;321;27.7;36.85;86.85
0;08/09/25 14:35:45;100.0;45.0;100.0;11.41;3.17;5.16;0.5;0.0;0.5;468;123;321;27.7;35.85;86.85
0;08/09/25 14:35:46;100.0;45.0;100.0;11.41;3.17;5.16;0.5;0.0;0.5;468;123;321;27.7;35.85;86.85
0;08/09/25 14:35:47;100.0;45.0;100.0;11.41;3.17;5.16;0.5;0.0;0.5;468;123;321;27.7;35.85;86.85
0;08/09/25 14:35:47;100.0;45.0;100.0;11.41;3.17;5.16;0.5;0.0;0.5;468;123;321;27.7;35.85;86.85
0;08/09/25 14:35:48;100.0;45.0;100.0;11.41;3.17;5.16;0.5;0.0;0.5;468;123;321;27.7;36.85;86.85
0;08/09/25 14:35:49;100.0;45.0;100.0;11.41;3.17;5.15;0.5;0.0;0.5;468;123;321;27.7;36.85;86.85
0;08/09/25 14:35:49;100.0;46.0;100.0;11.41;3.17;5.15;0.5;0.0;0.5;468;123;321;27.7;35.85;86.85
0;08/09/25 14:35:50;100.0;46.0;100.0;11.41;3.17;5.15;0.5;0.0;0.5;468;123;321;27.7;36.85;86.85
0;08/09/25 14:35:51;100.0;45.0;100.0;11.41;3.18;5.15;0.5;0.0;0.5;468;123;321;27.7;36.85;86.85
0;08/09/25 14:35:51;100.0;45.0;100.0;11.41;3.17;5.16;0.5;0.0;0.5;468;123;321;27.7;35.85;86.85
0;08/09/25 14:35:52;100.0;45.0;100.0;11.41;3.17;5.16;0.5;0.0;0.5;468;123;321;27.7;36.85;86.85
0;08/09/25 14:35:52;100.0;45.0;100.0;11.41;3.17;5.16;0.5;0.0;0.5;468;123;321;27.7;35.85;86.85
0;08/09/25 14:35:53;100.0;46.0;100.0;11.41;3.17;5.16;0.5;0.0;0.5;468;123;321;27.7;36.85;86.85
0;08/09/25 14:35:54;100.0;46.0;100.0;11.41;3.17;5.15;0.5;0.0;0.5;468;123;321;27.7;36.85;86.85
0;08/09/25 14:35:54;100.0;46.0;100.0;11.41;3.17;5.15;0.5;0.0;0.5;468;123;321;27.7;36.85;86.85
0;08/09/25 14:35:55;100.0;46.0;100.0;11.41;3.17;5.15;0.5;0.0;0.5;468;123;321;27.7;36.85;86.85
0;08/09/25 14:35:56;100.0;45.0;100.0;11.41;3.17;5.15;0.5;0.0;0.5;468;123;321;27.7;36.85;86.85
0;08/09/25 14:35:56;100.0;45.0;100.0;11.41;3.17;5.15;0.5;0.0;0.5;468;123;321;27.7;36.85;86.85
0;08/09/25 14:35:57;100.0;46.0;100.0;11.41;3.17;5.15;0.5;0.0;0.5;468;123;321;27.7;35.85;86.85
0;08/09/25 14:35:58;97.5;46.0;100.0;11.41;3.17;5.15;0.5;0.0;0.5;468;123;321;27.7;35.85;86.85
0;08/09/25 14:35:58;100.0;46.0;100.0;11.41;3.17;5.15;0.5;0.0;0.5;468;123;321;27.7;36.85;86.85
0;08/09/25 14:35:59;100.0;46.0;100.0;11.41;3.17;5.15;0.5;0.0;0.5;468;123;321;27.7;36.85;86.85
0;08/09/25 14:36:00;100.0;45.0;100.0;11.41;3.17;5.15;0.5;0.0;0.5;468;123;321;27.7;36.85;86.85
0;08/09/25 14:36:00;100.0;45.0;100.0;11.41;3.17;5.15;0.5;0.0;0.5;468;123;321;27.7;36.85;86.85
0;08/09/25 14:36:01;100.0;46.0;100.0;11.41;3.16;5.16;0.5;0.0;0.5;468;123;321;27.7;35.85;86.85
0;08/09/25 14:36:02;100.0;46.0;100.0;11.41;3.16;5.16;0.5;0.0;0.5;468;123;321;27.7;36.85;86.85
0;08/09/25 14:36:02;100.0;45.0;100.0;11.41;3.16;5.16;0.5;0.0;0.5;468;123;321;27.7;36.85;86.85
0;08/09/25 14:36:03;100.0;45.0;100.0;11.41;3.17;5.16;0.5;0.0;0.5;468;123;321;27.7;35.85;86.85
0;08/09/25 14:36:03;100.0;45.0;100.0;11.41;3.16;5.16;0.5;0.0;0.5;468;123;321;27.7;35.85;86.85
0;08/09/25 14:36:04;100.0;45.0;100.0;11.41;3.16;5.16;0.5;0.0;0.5;468;123;321;27.7;35.85;86.85
0;08/09/25 14:36:05;100.0;46.0;100.0;11.41;3.16;5.16;0.5;0.0;0.5;468;123;321;27.7;35.85;86.85
0;08/09/25 14:36:05;100.0;46.0;100.0;11.41;3.16;5.16;0.5;0.0;0.5;468;123;321;27.7;35.85;86.85
0;08/09/25 14:36:06;100.0;46.0;100.0;11.41;3.16;5.16;0.5;0.0;0.5;468;123;321;27.7;36.85;86.85
0;08/09/25 14:36:07;100.0;46.0;100.0;11.41;3.16;5.16;0.5;0.0;0.5;468;123;321;27.7;35.85;86.85
0;08/09/25 14:36:07;100.0;46.0;100.0;11.41;3.16;5.16;0.5;0.0;0.5;468;123;321;27.7;35.85;86.85
0;08/09/25 14:36:08;100.0;46.0;100.0;11.41;3.17;5.16;0.5;0.0;0.5;468;123;321;27.7;35.85;86.85
0;08/09/25 14:36:09;100.0;46.0;100.0;11.41;3.17;5.16;0.5;0.0;0.5;468;123;321;27.7;35.85;86.85
0;08/09/25 14:36:09;100.0;46.0;100.0;11.41;3.17;5.16;0.5;0.0;0.5;468;123;321;27.7;35.85;86.85
0;08/09/25 14:36:10;100.0;46.0;100.0;11.41;3.17;5.15;0.5;0.0;0.5;468;123;321;27.7;35.85;86.85
0;08/09/25 14:36:11;100.0;46.0;100.0;11.41;3.17;5.16;0.5;0.0;0.5;468;123;321;27.7;35.85;86.85
0;08/09/25 14:36:11;100.0;46.0;100.0;11.41;3.17;5.16;0.5;0.0;0.5;468;123;321;27.7;36.85;86.85
0;08/09/25 14:36:12;100.0;46.0;100.0;11.41;3.17;5.16;0.5;0.0;0.5;468;123;321;27.7;35.85;86.85
0;08/09/25 14:36:12;100.0;46.0;100.0;11.41;3.17;5.16;0.5;0.0;0.5;468;123;321;27.7;35.85;86.85
0;08/09/25 14:36:13;100.0;46.0;100.0;11.41;3.17;5.16;0.5;0.0;0.5;468;123;321;27.7;35.85;86.85
0;08/09/25 14:36:14;100.0;46.0;100.0;11.41;3.17;5.16;0.5;0.0;0.5;468;123;321;27.7;35.85;86.85
0;08/09/25 14:36:14;100.0;46.0;100.0;11.41;3.17;5.16;0.5;0.0;0.5;468;123;321;27.7;36.85;86.85
0;08/09/25 14:36:15;100.0;45.0;100.0;11.41;3.17;5.16;0.5;0.0;0.5;468;123;321;27.7;35.85;86.85
0;08/09/25 14:36:16;100.0;45.0;100.0;11.41;3.17;5.16;0.5;0.0;0.5;468;123;321;27.7;36.85;86.85
0;08/09/25 14:36:16;93.3;46.0;100.0;11.41;3.17;5.16;0.5;0.0;0.5;468;123;321;27.7;35.85;86.85
0;08/09/25 14:36:17;100.0;46.0;100.0;11.41;3.17;5.16;0.5;0.0;0.5;468;123;321;27.7;35.85;86.85
0;08/09/25 14:36:18;100.0;46.0;100.0;11.41;3.17;5.15;0.5;0.0;0.5;468;123;321;27.7;35.85;86.85
0;08/09/25 14:36:18;94.1;46.0;100.0;11.41;3.17;5.15;0.5;0.0;0.5;468;123;321;27.7;35.85;86.85
0;08/09/25 14:36:19;100.0;46.0;100.0;11.41;3.17;5.15;0.5;0.0;0.5;468;123;321;27.7;35.85;86.85
0;08/09/25 14:36:20;99.2;46.0;100.0;11.41;3.17;5.15;0.5;0.0;0.5;468;123;321;27.7;35.85;86.85
0;08/09/25 14:36:20;100.0;46.0;100.0;11.41;3.17;5.16;0.5;0.0;0.5;468;123;321;27.7;35.85;86.85
0;08/09/25 14:36:21;100.0;46.0;100.0;11.41;3.17;5.16;0.5;0.0;0.5;468;123;321;27.7;35.85;86.85
0;08/09/25 14:36:21;100.0;46.0;100.0;11.41;3.16;5.16;0.5;0.0;0.5;468;123;321;27.7;35.85;86.85
0;08/09/25 14:36:22;100.0;46.0;100.0;11.41;3.16;5.16;0.5;0.0;0.5;468;123;321;27.7;35.85;86.85
0;08/09/25 14:36:23;100.0;45.0;100.0;11.41;3.16;5.16;0.5;0.0;0.5;468;123;321;27.7;35.85;86.85
0;08/09/25 14:36:23;100.0;45.0;100.0;11.41;3.16;5.17;0.5;0.0;0.5;468;123;321;27.7;36.85;86.85
0;08/09/25 14:36:24;100.0;46.0;100.0;11.41;3.15;5.17;0.5;0.0;0.5;468;123;321;27.7;35.85;86.85
0;08/09/25 14:36:25;100.0;46.0;100.0;11.41;3.16;5.17;0.5;0.0;0.5;468;123;321;27.7;35.85;86.85
0;08/09/25 14:36:25;100.0;46.0;100.0;11.41;3.15;5.17;0.5;0.0;0.5;468;123;321;27.7;35.85;86.85
0;08/09/25 14:36:26;100.0;46.0;100.0;11.41;3.15;5.17;0.5;0.0;0.5;468;123;321;27.7;35.85;86.85
0;08/09/25 14:36:27;100.0;45.0;100.0;11.41;3.15;5.17;0.5;0.0;0.5;468;123;321;27.7;35.85;86.85
0;08/09/25 14:36:27;100.0;45.0;100.0;11.41;3.15;5.17;0.5;0.0;0.5;468;123;321;27.7;35.85;86.85
0;08/09/25 14:36:28;100.0;46.0;100.0;11.41;3.16;5.17;0.5;0.0;0.5;468;123;321;27.7;35.85;86.85
0;08/09/25 14:36:29;100.0;46.0;100.0;11.41;3.16;5.16;0.5;0.0;0.5;468;123;321;27.7;35.85;86.85
0;08/09/25 14:36:29;100.0;47.0;100.0;11.41;3.16;5.16;0.5;0.0;0.5;468;123;321;27.7;35.85;86.85
0;08/09/25 14:36:30;100.0;47.0;100.0;11.41;3.15;5.17;0.5;0.0;0.5;468;123;321;27.7;35.85;86.85
0;08/09/25 14:36:30;100.0;46.0;100.0;11.41;3.15;5.17;0.5;0.0;0.5;468;123;321;27.7;35.85;86.85
0;08/09/25 14:36:31;100.0;46.0;100.0;11.41;3.15;5.17;0.5;0.0;0.5;468;123;321;27.7;35.85;86.85
0;08/09/25 14:36:32;100.0;45.0;100.0;11.41;3.15;5.17;0.5;0.0;0.5;468;123;321;27.7;35.85;86.85
0;08/09/25 14:36:32;100.0;45.0;100.0;11.41;3.16;5.17;0.5;0.0;0.5;468;123;321;27.7;35.85;86.85
0;08/09/25 14:36:33;100.0;46.0;100.0;11.41;3.16;5.17;0.5;0.0;0.5;468;123;321;27.7;35.85;86.85
0;08/09/25 14:36:34;100.0;46.0;100.0;11.41;3.16;5.17;0.5;0.0;0.5;468;123;321;27.7;36.85;86.85
0;08/09/25 14:36:34;99.2;45.0;100.0;11.41;3.16;5.17;0.5;0.0;0.5;468;123;321;27.7;36.85;86.85
0;08/09/25 14:36:35;100.0;45.0;100.0;11.41;3.16;5.17;0.5;0.0;0.5;468;123;321;27.7;36.85;86.85
0;08/09/25 14:36:36;100.0;46.0;100.0;11.41;3.15;5.17;0.5;0.0;0.5;468;123;321;27.7;35.85;86.85
0;08/09/25 14:36:36;100.0;46.0;100.0;11.41;3.15;5.17;0.5;0.0;0.5;468;123;321;27.7;35.85;86.85
0;08/09/25 14:36:37;100.0;47.0;100.0;11.41;3.15;5.17;0.5;0.0;0.5;468;123;321;27.7;36.85;86.85
0;08/09/25 14:36:38;100.0;47.0;100.0;11.41;3.15;5.18;0.5;0.0;0.5;468;123;321;27.7;36.85;86.85
0;08/09/25 14:36:38;100.0;46.0;100.0;11.41;3.15;5.18;0.5;0.0;0.5;468;123;321;27.7;36.85;86.85
0;08/09/25 14:36:39;100.0;46.0;100.0;11.41;3.15;5.17;0.5;0.0;0.5;468;123;321;27.7;36.85;86.85
0;08/09/25 14:36:40;100.0;46.0;100.0;11.41;3.15;5.17;0.5;0.0;0.5;468;123;321;27.7;36.85;86.85
0;08/09/25 14:36:40;100.0;46.0;100.0;11.41;3.15;5.17;0.5;0.0;0.5;468;123;321;27.7;36.85;86.85
0;08/09/25 14:36:41;100.0;45.0;100.0;11.41;3.15;5.17;0.5;0.0;0.5;468;123;321;27.7;35.85;86.85
0;08/09/25 14:36:41;100.0;45.0;100.0;11.41;3.14;5.18;0.5;0.0;0.5;468;123;321;27.7;36.85;86.85
0;08/09/25 14:36:42;100.0;46.0;100.0;11.41;3.14;5.18;0.5;0.0;0.5;468;123;321;27.7;35.85;86.85
0;08/09/25 14:36:43;100.0;46.0;100.0;11.41;3.14;5.18;0.5;0.0;0.5;468;123;321;27.7;35.85;86.85
0;08/09/25 14:36:43;91.6;46.0;100.0;11.41;3.15;5.18;0.5;0.0;0.5;468;123;321;27.7;35.85;86.85
0;08/09/25 14:36:44;91.7;46.0;100.0;11.41;3.15;5.18;0.5;0.0;0.5;468;123;321;27.7;35.85;86.85
0;08/09/25 14:36:45;100.0;46.0;100.0;11.41;3.15;5.18;0.5;0.0;0.5;468;123;321;27.7;35.85;86.85
0;08/09/25 14:36:45;100.0;46.0;100.0;11.41;3.15;5.18;0.5;0.0;0.5;468;123;321;27.7;35.85;86.85
0;08/09/25 14:36:46;100.0;45.0;100.0;11.41;3.15;5.17;0.5;0.0;0.5;468;123;321;27.7;35.85;86.85
0;08/09/25 14:36:47;100.0;45.0;100.0;11.41;3.15;5.17;0.5;0.0;0.5;468;123;321;27.7;36.85;86.85
0;08/09/25 14:36:47;100.0;46.0;100.0;11.41;3.15;5.17;0.5;0.0;0.5;468;123;321;27.7;35.85;86.85
0;08/09/25 14:36:48;100.0;46.0;100.0;11.41;3.15;5.17;0.5;0.0;0.5;468;123;321;27.7;35.85;86.85
0;08/09/25 14:36:49;100.0;46.0;100.0;11.41;3.16;5.16;0.5;0.0;0.5;468;123;321;27.7;35.85;86.85
0;08/09/25 14:36:49;100.0;46.0;100.0;11.41;3.16;5.16;0.5;0.0;0.5;468;123;321;27.7;35.85;86.85
0;08/09/25 14:36:50;100.0;46.0;100.0;11.41;3.16;5.16;0.5;0.0;0.5;468;123;321;27.7;35.85;86.85
0;08/09/25 14:36:50;100.0;46.0;100.0;11.41;3.16;5.16;0.5;0.0;0.5;468;123;321;27.7;36.85;86.85
0;08/09/25 14:36:51;100.0;46.0;100.0;11.41;3.16;5.17;0.5;0.0;0.5;468;123;321;27.7;35.85;86.85
0;08/09/25 14:36:52;100.0;46.0;100.0;11.41;3.16;5.17;0.5;0.0;0.5;468;123;321;27.7;35.85;86.85
0;08/09/25 14:36:52;100.0;46.0;100.0;11.41;3.16;5.17;0.5;0.0;0.5;468;123;321;27.7;35.85;86.85
0;08/09/25 14:36:53;100.0;46.0;100.0;11.41;3.16;5.17;0.5;0.0;0.5;468;123;321;27.7;35.85;86.85
0;08/09/25 14:36:54;100.0;46.0;100.0;11.41;3.15;5.17;0.5;0.0;0.5;468;123;321;27.7;35.85;86.85
0;08/09/25 14:36:54;100.0;46.0;100.0;11.41;3.15;5.17;0.5;0.0;0.5;468;123;321;27.7;35.85;86.85
0;08/09/25 14:36:55;100.0;46.0;100.0;11.41;3.15;5.17;0.5;0.0;0.5;468;123;321;27.7;35.85;86.85
0;08/09/25 14:36:56;100.0;46.0;100.0;11.41;3.15;5.17;0.5;0.0;0.5;468;123;321;27.7;35.85;86.85
0;08/09/25 14:36:56;100.0;45.0;100.0;11.41;3.15;5.17;0.5;0.0;0.5;468;123;321;27.7;36.85;86.85
0;08/09/25 14:36:57;100.0;45.0;100.0;11.41;3.15;5.17;0.5;0.0;0.5;468;123;321;27.7;35.85;86.85
0;08/09/25 14:36:58;100.0;46.0;100.0;11.41;3.15;5.17;0.5;0.0;0.5;468;123;321;27.7;35.85;86.85
0;08/09/25 14:36:58;100.0;46.0;100.0;11.41;3.15;5.17;0.5;0.0;0.5;468;123;321;27.7;35.85;86.85
0;08/09/25 14:36:59;100.0;47.0;100.0;11.41;3.15;5.17;0.5;0.0;0.5;468;123;321;27.7;35.85;86.85
0;08/09/25 14:36:59;100.0;47.0;100.0;11.41;3.15;5.17;0.5;0.0;0.5;468;123;321;27.7;35.85;86.85
0;08/09/25 14:37:00;100.0;45.0;100.0;11.41;3.15;5.17;0.5;0.0;0.5;468;123;321;27.7;35.85;86.85
0;08/09/25 14:37:01;100.0;45.0;100.0;11.41;3.15;5.17;0.5;0.0;0.5;468;123;321;27.7;35.85;86.85
0;08/09/25 14:37:01;100.0;46.0;100.0;11.41;3.15;5.17;0.5;0.0;0.5;468;123;321;27.7;35.85;86.85
0;08/09/25 14:37:02;100.0;46.0;100.0;11.41;3.15;5.17;0.5;0.0;0.5;468;123;321;27.7;36.85;86.85
0;08/09/25 14:37:03;100.0;46.0;100.0;11.41;3.15;5.17;0.5;0.0;0.5;468;123;321;27.7;36.85;86.85
0;08/09/25 14:37:03;100.0;46.0;100.0;11.41;3.15;5.17;0.5;0.0;0.5;468;123;321;27.7;36.85;86.85
0;08/09/25 14:37:04;100.0;45.0;100.0;11.41;3.15;5.17;0.5;0.0;0.5;468;123;321;27.7;36.85;86.85
0;08/09/25 14:37:05;100.0;45.0;100.0;11.41;3.15;5.17;0.5;0.0;0.5;468;123;321;27.7;35.85;86.85
0;08/09/25 14:37:05;100.0;45.0;100.0;11.41;3.15;5.17;0.5;0.0;0.5;468;123;321;27.7;35.85;86.85
0;08/09/25 14:37:06;100.0;45.0;100.0;11.41;3.15;5.17;0.5;0.0;0.5;468;123;321;27.7;35.85;86.85
0;08/09/25 14:37:07;100.0;45.0;100.0;11.41;3.15;5.17;0.5;0.0;0.5;468;123;321;27.7;35.85;86.85
0;08/09/25 14:37:07;100.0;45.0;100.0;11.41;3.14;5.19;0.5;0.0;0.5;468;123;321;27.7;35.85;86.85
0;08/09/25 14:37:08;100.0;46.0;100.0;11.41;3.14;5.19;0.5;0.0;0.5;468;123;321;27.7;35.85;86.85
0;08/09/25 14:37:08;100.0;46.0;100.0;11.41;3.14;5.18;0.5;0.0;0.5;468;123;321;27.7;35.85;86.85
0;08/09/25 14:37:09;100.0;46.0;100.0;11.41;3.14;5.18;0.5;0.0;0.5;468;123;321;27.7;35.85;86.85
0;08/09/25 14:37:10;100.0;46.0;100.0;11.41;3.14;5.19;0.5;0.0;0.5;468;123;321;27.7;35.85;86.85
0;08/09/25 14:37:10;100.0;45.0;100.0;11.41;3.14;5.19;0.5;0.0;0.5;468;123;321;27.7;35.85;86.85
0;08/09/25 14:37:11;100.0;45.0;100.0;11.41;3.14;5.19;0.5;0.0;0.5;468;123;321;27.7;35.85;86.85
0;08/09/25 14:37:12;100.0;45.0;100.0;11.41;3.14;5.19;0.5;0.0;0.5;468;123;321;27.7;35.85;86.85
0;08/09/25 14:37:12;100.0;45.0;100.0;11.41;3.13;5.19;0.5;0.0;0.5;468;123;321;27.7;35.85;86.85
0;08/09/25 14:37:13;92.5;45.0;100.0;11.41;3.14;5.19;0.5;0.0;0.5;468;123;321;27.7;35.85;86.85
0;08/09/25 14:37:14;100.0;45.0;100.0;11.41;3.14;5.19;0.5;0.0;0.5;468;123;321;27.7;35.85;86.85
0;08/09/25 14:37:14;100.0;46.0;100.0;11.41;3.14;5.19;0.5;0.0;0.5;468;123;321;27.7;35.85;86.85
0;08/09/25 14:37:15;100.0;46.0;100.0;11.41;3.14;5.19;0.5;0.0;0.5;468;123;321;27.7;35.85;86.85
0;08/09/25 14:37:16;100.0;45.0;100.0;11.41;3.14;5.19;0.5;0.0;0.5;468;123;321;27.7;36.85;86.85
0;08/09/25 14:37:16;100.0;45.0;100.0;11.41;3.14;5.19;0.5;0.0;0.5;468;123;321;27.7;35.85;86.85
0;08/09/25 14:37:17;100.0;45.0;100.0;11.41;3.14;5.19;0.5;0.0;0.5;468;123;321;27.7;35.85;86.85
0;08/09/25 14:37:17;100.0;45.0;100.0;11.41;3.14;5.19;0.5;0.0;0.5;468;123;321;27.7;36.85;86.85
0;08/09/25 14:37:18;100.0;46.0;100.0;11.41;3.14;5.19;0.5;0.0;0.5;468;123;321;27.7;35.85;86.85
0;08/09/25 14:37:19;100.0;46.0;100.0;11.41;3.14;5.19;0.5;0.0;0.5;468;123;321;27.7;36.85;86.85
0;08/09/25 14:37:19;100.0;45.0;100.0;11.41;3.14;5.19;0.5;0.0;0.5;468;123;321;27.7;36.85;86.85
0;08/09/25 14:37:20;100.0;45.0;100.0;11.41;3.14;5.19;0.5;0.0;0.5;468;123;321;27.7;36.85;86.85
0;08/09/25 14:37:21;100.0;45.0;100.0;11.41;3.13;5.2;0.5;0.0;0.5;468;123;321;27.7;35.85;86.85
0;08/09/25 14:37:21;100.0;45.0;100.0;11.41;3.13;5.2;0.5;0.0;0.5;468;123;321;27.7;36.85;86.85
0;08/09/25 14:37:22;91.7;46.0;100.0;11.41;3.13;5.2;0.5;0.0;0.5;468;123;321;27.7;35.85;86.85
0;08/09/25 14:37:23;92.6;46.0;100.0;11.41;3.13;5.2;0.5;0.0;0.5;468;123;321;27.7;35.85;86.85
0;08/09/25 14:37:23;100.0;45.0;100.0;11.41;3.13;5.2;0.5;0.0;0.5;468;123;321;27.7;35.85;86.85
0;08/09/25 14:37:24;100.0;45.0;100.0;11.41;3.13;5.2;0.5;0.0;0.5;468;123;321;27.7;35.85;86.85
0;08/09/25 14:37:25;100.0;46.0;100.0;11.41;3.13;5.2;0.5;0.0;0.5;468;123;321;27.7;36.85;86.85
0;08/09/25 14:37:25;100.0;46.0;100.0;11.41;3.13;5.2;0.5;0.0;0.5;468;123;321;27.7;35.85;86.85
0;08/09/25 14:37:26;100.0;45.0;100.0;11.41;3.13;5.2;0.5;0.0;0.5;468;123;321;27.7;36.85;86.85
0;08/09/25 14:37:26;100.0;45.0;100.0;11.41;3.13;5.2;0.5;0.0;0.5;468;123;321;27.7;35.85;86.85
0;08/09/25 14:37:27;100.0;45.0;100.0;11.41;3.13;5.2;0.5;0.0;0.5;468;123;321;27.7;36.85;86.85
0;08/09/25 14:37:28;100.0;45.0;100.0;11.41;3.13;5.2;0.5;0.0;0.5;468;123;321;27.7;36.85;86.85
0;08/09/25 14:37:28;100.0;45.0;100.0;11.41;3.13;5.2;0.5;0.0;0.5;468;123;321;27.7;36.85;86.85
0;08/09/25 14:37:29;100.0;45.0;100.0;11.41;3.13;5.19;0.5;0.0;0.5;468;123;321;27.7;35.85;86.85
0;08/09/25 14:37:30;100.0;45.0;100.0;11.41;3.13;5.19;0.5;0.0;0.5;468;123;321;27.7;36.85;86.85
0;08/09/25 14:37:30;100.0;45.0;100.0;11.41;3.13;5.19;0.5;0.0;0.5;468;123;321;27.7;35.85;86.85
0;08/09/25 14:37:31;100.0;46.0;100.0;11.41;3.14;5.19;0.5;0.0;0.5;468;123;321;27.7;35.85;86.85
0;08/09/25 14:37:32;100.0;46.0;100.0;11.41;3.14;5.19;0.5;0.0;0.5;468;123;321;27.7;36.85;86.85
0;08/09/25 14:37:32;100.0;46.0;100.0;11.41;3.14;5.19;0.5;0.0;0.5;468;123;321;27.7;35.85;86.85
0;08/09/25 14:37:33;100.0;46.0;100.0;11.41;3.14;5.19;0.5;0.0;0.5;468;123;321;27.7;36.85;86.85
0;08/09/25 14:37:34;100.0;46.0;100.0;11.41;3.14;5.19;0.5;0.0;0.5;468;123;321;27.7;36.85;86.85
0;08/09/25 14:37:34;100.0;46.0;100.0;11.41;3.14;5.19;0.5;0.0;0.5;468;123;321;27.7;35.85;86.85
0;08/09/25 14:37:35;100.0;46.0;100.0;11.41;3.14;5.19;0.5;0.0;0.5;468;123;321;27.7;35.85;86.85
0;08/09/25 14:37:35;100.0;46.0;100.0;11.41;3.14;5.19;0.5;0.0;0.5;468;123;321;27.7;35.85;86.85
0;08/09/25 14:37:36;100.0;46.0;100.0;11.41;3.14;5.19;0.5;0.0;0.5;468;123;321;27.7;35.85;86.85
0;08/09/25 14:37:37;100.0;46.0;100.0;11.41;3.14;5.19;0.5;0.0;0.5;468;123;321;27.7;36.85;86.85
0;08/09/25 14:37:37;100.0;45.0;100.0;11.41;3.14;5.19;0.5;0.0;0.5;468;123;321;27.7;35.85;86.85
0;08/09/25 14:37:38;100.0;45.0;100.0;11.41;3.14;5.19;0.5;0.0;0.5;468;123;321;27.7;35.85;86.85
0;08/09/25 14:37:39;100.0;46.0;100.0;11.41;3.14;5.18;0.5;0.0;0.5;468;123;321;27.7;35.85;86.85
0;08/09/25 14:37:39;100.0;46.0;100.0;11.41;3.14;5.18;0.5;0.0;0.5;468;123;321;27.7;35.85;86.85
0;08/09/25 14:37:40;100.0;46.0;100.0;11.41;3.14;5.18;0.5;0.0;0.5;468;123;321;27.7;35.85;86.85
0;08/09/25 14:37:41;100.0;46.0;100.0;11.41;3.14;5.18;0.5;0.0;0.5;468;123;321;27.7;36.85;86.85
0;08/09/25 14:37:41;100.0;46.0;100.0;11.41;3.14;5.18;0.5;0.0;0.5;468;123;321;27.7;36.85;86.85
0;08/09/25 14:37:42;100.0;46.0;100.0;11.41;3.14;5.19;0.5;0.0;0.5;468;123;321;27.7;35.85;86.85
0;08/09/25 14:37:43;100.0;46.0;100.0;11.41;3.14;5.19;0.5;0.0;0.5;468;123;321;27.7;35.85;86.85
0;08/09/25 14:37:43;100.0;46.0;100.0;11.41;3.14;5.19;0.5;0.0;0.5;468;123;321;27.7;35.85;86.85
0;08/09/25 14:37:44;100.0;46.0;100.0;11.41;3.14;5.19;0.5;0.0;0.5;468;123;321;27.7;35.85;86.85
0;08/09/25 14:37:45;100.0;46.0;100.0;11.41;3.14;5.19;0.5;0.0;0.5;468;123;321;27.7;35.85;86.85
0;08/09/25 14:37:45;100.0;46.0;100.0;11.41;3.14;5.19;0.5;0.0;0.5;468;123;321;27.7;36.85;86.85
0;08/09/25 14:37:46;100.0;46.0;100.0;11.41;3.14;5.19;0.5;0.0;0.5;468;123;321;27.7;36.85;86.85
0;08/09/25 14:37:46;100.0;46.0;100.0;11.41;3.14;5.19;0.5;0.0;0.5;468;123;321;27.7;35.85;86.85
0;08/09/25 14:37:47;100.0;46.0;100.0;11.41;3.13;5.19;0.5;0.0;0.5;468;123;321;27.7;36.85;86.85
0;08/09/25 14:37:48;100.0;46.0;100.0;11.41;3.13;5.19;0.5;0.0;0.5;468;123;321;27.7;35.85;86.85
0;08/09/25 14:37:48;100.0;46.0;100.0;11.41;3.13;5.19;0.5;0.0;0.5;468;123;321;27.7;36.85;86.85
0;08/09/25 14:37:49;100.0;47.0;100.0;11.41;3.14;5.18;0.5;0.0;0.5;468;123;321;27.7;36.85;86.85
0;08/09/25 14:37:50;100.0;47.0;100.0;11.41;3.14;5.18;0.5;0.0;0.5;468;123;321;27.7;35.85;86.85
0;08/09/25 14:37:50;100.0;46.0;100.0;11.41;3.14;5.19;0.5;0.0;0.5;468;123;321;27.7;35.85;86.85
0;08/09/25 14:37:51;100.0;46.0;100.0;11.41;3.14;5.18;0.5;0.0;0.5;468;123;321;27.7;36.85;86.85
0;08/09/25 14:37:52;100.0;46.0;100.0;11.41;3.14;5.18;0.5;0.0;0.5;468;123;321;27.7;36.85;86.85
0;08/09/25 14:37:52;100.0;46.0;100.0;11.41;3.14;5.19;0.5;0.0;0.5;468;123;321;27.7;35.85;86.85
0;08/09/25 14:37:53;100.0;46.0;100.0;11.41;3.13;5.19;0.5;0.0;0.5;468;123;321;27.7;36.85;86.85
0;08/09/25 14:37:53;100.0;46.0;100.0;11.41;3.14;5.19;0.5;0.0;0.5;468;123;321;27.7;35.85;86.85
0;08/09/25 14:37:54;100.0;46.0;100.0;11.41;3.14;5.19;0.5;0.0;0.5;468;123;321;27.7;36.85;86.85
0;08/09/25 14:37:55;100.0;46.0;100.0;11.41;3.14;5.18;0.5;0.0;0.5;468;123;321;27.7;36.85;86.85
0;08/09/25 14:37:55;100.0;46.0;100.0;11.41;3.14;5.18;0.5;0.0;0.5;468;123;321;27.7;35.85;86.85
0;08/09/25 14:37:56;100.0;46.0;100.0;11.41;3.14;5.18;0.5;0.0;0.5;468;123;321;27.7;35.85;86.85
0;08/09/25 14:37:57;100.0;47.0;100.0;11.41;3.14;5.18;0.5;0.0;0.5;468;123;321;27.7;35.85;86.85
0;08/09/25 14:37:57;100.0;47.0;100.0;11.41;3.14;5.18;0.5;0.0;0.5;468;123;321;27.7;36.85;86.85
0;08/09/25 14:37:58;100.0;46.0;100.0;11.41;3.14;5.18;0.5;0.0;0.5;468;123;321;27.7;35.85;86.85
0;08/09/25 14:37:59;100.0;46.0;100.0;11.41;3.14;5.18;0.5;0.0;0.5;468;123;321;27.7;36.85;86.85
0;08/09/25 14:37:59;100.0;46.0;100.0;11.41;3.14;5.18;0.5;0.0;0.5;468;123;321;27.7;35.85;86.85
0;08/09/25 14:38:00;100.0;46.0;100.0;11.41;3.15;5.15;0.5;0.0;0.5;468;123;321;27.7;35.85;86.85
0;08/09/25 14:38:07;100.0;46.0;100.0;11.41;3.17;5.08;0.5;0.0;0.5;468;123;321;27.7;36.85;86.85
0;08/09/25 15:06:17;1.7;38.0;100.0;11.41;2.88;4.48;0.5;0.0;0.5;468;123;321;27.7;35.85;86.85
0;08/09/25 15:06:18;0.0;38.0;100.0;11.41;2.88;4.47;0.5;0.0;0.5;468;123;321;27.7;35.85;86.85
0;08/09/25 15:06:19;1.7;38.0;100.0;11.41;2.88;4.47;0.5;0.0;0.5;468;123;321;27.7;35.85;86.85
0;08/09/25 15:06:19;0.0;38.0;100.0;11.41;2.88;4.47;0.5;0.0;0.5;468;123;321;27.7;35.85;86.85
0;08/09/25 15:06:20;1.7;38.0;100.0;11.41;2.88;4.47;0.5;0.0;0.5;468;123;321;27.7;35.85;86.85
0;08/09/25 15:06:20;1.7;38.0;100.0;11.41;2.88;4.47;0.5;0.0;0.5;468;123;321;27.7;35.85;86.85
0;08/09/25 15:17:04;1.7;39.0;100.0;11.41;2.85;4.46;0.5;0.0;0.5;468;123;321;27.7;36.85;86.85
0;08/09/25 15:17:07;0.8;39.0;100.0;11.41;2.86;4.45;0.5;0.0;0.5;468;123;321;27.7;36.85;86.85
0;08/09/25 15:17:10;1.7;38.0;100.0;11.41;2.86;4.45;0.5;0.0;0.5;468;123;321;27.7;36.85;86.85
0;08/09/25 15:17:13;0.8;38.0;100.0;11.41;2.86;4.45;0.5;0.0;0.5;468;123;321;27.7;36.85;86.85
0;08/09/25 15:17:16;1.7;38.0;100.0;11.41;2.86;4.46;0.5;0.0;0.5;468;123;321;27.7;35.85;86.85
0;08/09/25 15:17:20;1.7;38.0;100.0;11.41;2.86;4.45;0.5;0.0;0.5;468;123;321;27.7;36.85;86.85
0;08/09/25 15:17:23;1.7;38.0;100.0;11.41;2.85;4.46;0.5;0.0;0.5;468;123;321;27.7;35.85;86.85
0;08/09/25 15:17:26;9.9;40.0;100.0;11.41;2.85;4.46;0.5;0.0;0.5;468;123;321;27.7;36.85;86.85
0;08/09/25 15:17:29;0.0;38.0;100.0;11.41;2.85;4.46;0.5;0.0;0.5;468;123;321;27.7;36.85;86.85
0;08/09/25 15:17:32;0.8;37.0;100.0;11.41;2.86;4.46;0.5;0.0;0.5;468;123;321;27.7;36.85;86.85
